time,Latitude,Longitude,altitude,PM-2.5,Temp.
2020-08-30 07:04:59,26.9198169,75.79568499999999,435.77,22,30
2020-08-30 07:05:01,26.919784000000003,75.7957776,436.33,22,30
2020-08-30 07:05:02,26.919764899999997,75.7958289,436.22,24,30
2020-08-30 07:05:03,26.9197436,75.79589370000001,436.32,11,30
2020-08-30 07:05:04,26.919731,75.7959455,436.84,24,30
2020-08-30 07:05:06,26.919677500000002,75.79604559999999,433.73,16,30
2020-08-30 07:05:07,26.9196577,75.7961143,434.1,16,30
2020-08-30 07:05:08,26.919633,75.7962113,433.5,25,30
2020-08-30 07:05:09,26.919610600000002,75.7962849,433.38,23,30
2020-08-30 07:05:10,26.9195892,75.796364,430.82,12,30
2020-08-30 07:05:12,26.919543100000006,75.79652320000001,430.19,15,30
2020-08-30 07:05:13,26.919523499999997,75.7965876,430.27,21,30
2020-08-30 07:05:14,26.919504800000002,75.796653,430.1,17,31
2020-08-30 07:05:15,26.9194727,75.79675329999999,430.14,14,31
2020-08-30 07:05:16,26.919451199999997,75.7968196,430.81,17,31
2020-08-30 07:05:18,26.919385600000002,75.79700820000001,431.37,22,31
2020-08-30 07:05:19,26.919362699999997,75.797072,431.53,22,31
2020-08-30 07:05:20,26.919338500000002,75.797139,431.78,27,31
2020-08-30 07:05:21,26.919307300000003,75.79722779999999,431.41,28,31
2020-08-30 07:05:22,26.919263399999995,75.7973597,429.15,21,31
2020-08-30 07:05:24,26.919200800000002,75.7975503,429.24,33,31
2020-08-30 07:05:25,26.919167600000005,75.7976466,428.32,26,31
2020-08-30 07:05:26,26.919147600000002,75.79770490000001,428.81,27,31
2020-08-30 07:05:27,26.919107699999998,75.7978203,429.15,34,31
2020-08-30 07:05:29,26.919048600000004,75.7979995,428.42,23,31
2020-08-30 07:05:30,26.9190136,75.79810140000001,428.28,24,31
2020-08-30 07:05:31,26.9189906,75.79816740000001,428.06,22,31
2020-08-30 07:05:32,26.918967699999996,75.7982329,427.96,23,31
2020-08-30 07:05:33,26.918921899999997,75.798358,425.95,25,31
2020-08-30 07:05:35,26.9188672,75.7985025,426.12,30,31
2020-08-30 07:05:36,26.9188461,75.7985564,426.25,178,31
2020-08-30 07:05:37,26.918820500000002,75.7986214,426.4,198,31
2020-08-30 07:05:38,26.9187956,75.79868590000001,426.44,225,31
2020-08-30 07:05:39,26.9187684,75.7987647,426.36,359,31
2020-08-30 07:05:41,26.9187198,75.7989093,426.56,272,31
2020-08-30 07:05:42,26.9186952,75.7989854,426.39,202,31
2020-08-30 07:05:43,26.9186722,75.7990598,426.42,148,31
2020-08-30 07:05:44,26.918647600000003,75.79913509999999,427.98,82,31
2020-08-30 07:05:45,26.918621899999998,75.7992155,428.69,60,31
2020-08-30 07:05:47,26.918560600000003,75.7993856,428.77,56,31
2020-08-30 07:05:48,26.918541100000002,75.79943990000001,428.86,43,31
2020-08-30 07:05:49,26.918497499999997,75.79956640000002,428.4,40,31
2020-08-30 07:05:50,26.918485200000003,75.79960159999999,428.74,64,31
2020-08-30 07:05:52,26.9184137,75.79980690000001,427.46,34,31
2020-08-30 07:05:53,26.9183798,75.79990579999999,426.73,42,31
2020-08-30 07:05:54,26.9183588,75.7999685,427.09,169,31
2020-08-30 07:05:55,26.9183396,75.80002840000002,427.43,125,31
2020-08-30 07:05:56,26.918311199999998,75.80011479999999,426.46,183,31
2020-08-30 07:05:58,26.91827,75.80024870000001,425.95,373,31
2020-08-30 07:05:59,26.918249,75.8003149,426.62,245,31
2020-08-30 07:06:00,26.9182281,75.8003822,426.32,362,31
2020-08-30 07:06:01,26.9182071,75.800451,426.86,89,31
2020-08-30 07:06:02,26.9181847,75.8005166,427.29,54,31
2020-08-30 07:06:04,26.918128399999997,75.8006505,427.32,54,31
2020-08-30 07:06:05,26.9181012,75.8007037,427.23,72,31
2020-08-30 07:06:06,26.918072,75.80075459999999,426.37,58,32
2020-08-30 07:06:07,26.918043400000002,75.8008034,428.5,56,32
2020-08-30 07:06:08,26.918019399999995,75.80085150000001,428.01,75,32
2020-08-30 07:06:10,26.917966800000002,75.8009527,428.06,55,32
2020-08-30 07:06:11,26.9179435,75.80100290000001,428.08,62,32
2020-08-30 07:06:12,26.9179178,75.8010536,428.54,72,32
2020-08-30 07:06:13,26.917890600000003,75.8011056,428.49,79,32
2020-08-30 07:06:15,26.9178483,75.8011748,428.9,84,32
2020-08-30 07:06:16,26.917826399999996,75.80120500000001,428.99,67,32
2020-08-30 07:06:17,26.9178057,75.80123,428.88,79,32
2020-08-30 07:06:18,26.917777100000002,75.801259,429.24,75,32
2020-08-30 07:06:19,26.917757199999997,75.801277,429.49,75,32
2020-08-30 07:06:21,26.917692699999996,75.80130799999999,429.9,73,32
2020-08-30 07:06:22,26.9176544,75.8013054,429.85,75,32
2020-08-30 07:06:23,26.9176277,75.80129740000001,429.86,65,32
2020-08-30 07:06:24,26.917592300000003,75.80127790000002,427.22,58,32
2020-08-30 07:06:25,26.9175782,75.8012702,427.17,57,32
2020-08-30 07:06:27,26.917507500000003,75.8012305,428.41,63,32
2020-08-30 07:06:28,26.9174865,75.80121679999999,428.72,42,32
2020-08-30 07:06:29,26.917457899999995,75.8011958,428.9,86,32
2020-08-30 07:06:30,26.917446999999996,75.8011877,428.97,69,32
2020-08-30 07:06:31,26.9174136,75.80116459999999,431.27,66,32
2020-08-30 07:06:33,26.9173717,75.8011415,432.19,47,32
2020-08-30 07:06:34,26.917357300000003,75.80113459999998,432.05,53,32
2020-08-30 07:06:35,26.9173391,75.801126,433.88,50,32
2020-08-30 07:06:36,26.9173206,75.8011195,433.61,60,32
2020-08-30 07:06:38,26.9172808,75.8011082,433.72,47,32
2020-08-30 07:06:39,26.917256199999997,75.8011002,434.02,34,32
2020-08-30 07:06:40,26.9172329,75.8010946,434.26,40,32
2020-08-30 07:06:41,26.917223800000002,75.8010927,434.21,46,32
2020-08-30 07:06:42,26.9172049,75.8010886,439.77,44,32
2020-08-30 07:06:44,26.917166899999998,75.8010795,440.17,52,32
2020-08-30 07:06:45,26.9171528,75.8010772,440.22,50,32
2020-08-30 07:06:46,26.917140399999997,75.80107579999999,440.27,50,32
2020-08-30 07:06:47,26.9171257,75.8010731,441.27,46,32
2020-08-30 07:06:48,26.9171145,75.8010709,441.48,45,32
2020-08-30 07:06:50,26.9171029,75.801066,441.58,61,32
2020-08-30 07:06:51,26.917091499999998,75.8010625,441.79,42,32
2020-08-30 07:06:52,26.917081699999997,75.8010599,442.01,49,32
2020-08-30 07:06:53,26.917052299999998,75.8010517,446.3,55,32
2020-08-30 07:06:54,26.917030800000003,75.8010464,446.51,61,32
2020-08-30 07:06:56,26.9169898,75.8010321,446.74,48,32
2020-08-30 07:06:57,26.916974300000003,75.80102729999999,446.61,35,32
2020-08-30 07:06:58,26.9169566,75.8010193,447.88,47,32
2020-08-30 07:06:59,26.9169434,75.80101259999999,447.49,45,32
2020-08-30 07:07:00,26.9169243,75.8010056,447.49,42,32
2020-08-30 07:07:02,26.916895500000003,75.80099399999999,447.32,50,32
2020-08-30 07:07:03,26.9168831,75.8009908,447.05,33,32
2020-08-30 07:07:04,26.9168664,75.800985,454.63,36,32
2020-08-30 07:07:05,26.9168488,75.8009785,454.9,39,32
2020-08-30 07:07:07,26.91682,75.8009678,454.89,49,32
2020-08-30 07:07:08,26.9168011,75.8009605,454.99,43,32
2020-08-30 07:07:09,26.9167796,75.8009552,455.4,39,32
2020-08-30 07:07:10,26.916769899999995,75.80095179999999,455.55,45,33
2020-08-30 07:07:11,26.916745799999998,75.800945,463.71,54,33
2020-08-30 07:07:13,26.916713800000004,75.8009335,464.57,50,33
2020-08-30 07:07:14,26.9166981,75.8009301,464.72,38,33
2020-08-30 07:07:15,26.9166855,75.80092890000002,457.63,39,33
2020-08-30 07:07:16,26.916671700000002,75.8009271,457.56,62,33
2020-08-30 07:07:17,26.9166587,75.80092420000001,457.95,176,33
2020-08-30 07:07:19,26.9166386,75.80091540000001,458.31,106,33
2020-08-30 07:07:20,26.9166353,75.8009112,458.37,88,33
2020-08-30 07:07:21,26.9166282,75.8009017,453.07,84,33
2020-08-30 07:07:22,26.916617,75.80089579999999,452.93,41,33
2020-08-30 07:07:23,26.9166067,75.8008931,452.81,48,33
2020-08-30 07:07:25,26.916574600000004,75.8008865,452.92,53,33
2020-08-30 07:07:26,26.9165665,75.8008844,453.05,53,33
2020-08-30 07:07:27,26.916545799999998,75.8008778,446.8,54,33
2020-08-30 07:07:28,26.9165283,75.80087309999999,446.77,54,33
2020-08-30 07:07:30,26.9165006,75.8008655,447.22,69,33
2020-08-30 07:07:31,26.916473999999997,75.80085749999999,447.18,67,33
2020-08-30 07:07:32,26.916452500000002,75.80085240000001,443.14,46,33
2020-08-30 07:07:33,26.916429700000002,75.8008446,442.94,68,33
2020-08-30 07:07:34,26.9164094,75.800837,442.91,50,33
2020-08-30 07:07:36,26.9163817,75.800827,442.67,42,33
2020-08-30 07:07:37,26.916358600000002,75.80082220000001,442.63,43,33
2020-08-30 07:07:38,26.9163462,75.80082009999998,442.72,39,33
2020-08-30 07:07:39,26.9163168,75.80081259999999,438.25,38,33
2020-08-30 07:07:40,26.916294800000003,75.8008057,438.25,42,33
2020-08-30 07:07:42,26.9162457,75.8007932,438.43,41,33
2020-08-30 07:07:43,26.9162245,75.8007861,438.4,38,33
2020-08-30 07:07:44,26.916204200000003,75.8007786,435.43,38,33
2020-08-30 07:07:45,26.9161869,75.8007657,435.35,33,33
2020-08-30 07:07:46,26.9161758,75.8007631,435.41,27,33
2020-08-30 07:07:48,26.916126600000002,75.8007583,435.45,45,33
2020-08-30 07:07:49,26.9161103,75.8007559,435.36,40,33
2020-08-30 07:07:50,26.9161039,75.8007531,435.34,39,33
2020-08-30 07:07:51,26.916086699999997,75.80074549999999,432.98,41,33
2020-08-30 07:07:53,26.9160626,75.8007355,432.9,43,33
2020-08-30 07:07:54,26.9160438,75.80072740000001,433.24,33,33
2020-08-30 07:07:55,26.9160217,75.80071629999999,434.7,42,33
2020-08-30 07:07:56,26.9160114,75.80071109999999,434.76,35,33
2020-08-30 07:07:57,26.9159826,75.80069809999999,434.72,51,33
2020-08-30 07:07:59,26.9159395,75.80068100000001,434.9,33,33
2020-08-30 07:08:00,26.9159169,75.8006691,434.92,40,33
2020-08-30 07:08:01,26.915892,75.8006595,434.03,37,33
2020-08-30 07:08:02,26.915872999999998,75.80065390000001,434.26,35,33
2020-08-30 07:08:03,26.915859499999996,75.8006498,434.53,35,33
2020-08-30 07:08:05,26.9158284,75.8006418,434.77,32,33
2020-08-30 07:08:06,26.915817200000003,75.80063709999999,434.92,42,33
2020-08-30 07:08:07,26.9158105,75.80063390000001,435.08,39,33
2020-08-30 07:08:08,26.9158029,75.8006319,435.0,44,33
2020-08-30 07:08:09,26.915797499999996,75.8006302,435.13,37,33
2020-08-30 07:08:11,26.9157771,75.8006233,435.6,32,33
2020-08-30 07:08:12,26.915763899999998,75.8006155,433.42,32,33
2020-08-30 07:08:13,26.9157538,75.8006068,433.3,29,33
2020-08-30 07:08:14,26.915741999999998,75.8005965,433.44,27,33
2020-08-30 07:08:16,26.9157273,75.8005757,433.67,26,33
2020-08-30 07:08:17,26.915722499999998,75.80056390000001,433.85,30,33
2020-08-30 07:08:18,26.915718199999997,75.8005504,431.3,24,33
2020-08-30 07:08:19,26.915701300000002,75.8005328,431.48,34,33
2020-08-30 07:08:20,26.915683500000004,75.800514,431.85,40,33
2020-08-30 07:08:22,26.9156604,75.8004666,431.74,29,33
2020-08-30 07:08:23,26.915648200000003,75.8004411,431.82,30,33
2020-08-30 07:08:24,26.915636199999998,75.80041109999999,432.02,33,34
2020-08-30 07:08:25,26.9156304,75.80039609999999,432.04,24,34
2020-08-30 07:08:26,26.9156224,75.80035699999999,432.16,27,34
2020-08-30 07:08:28,26.9156185,75.8003104,432.53,23,34
2020-08-30 07:08:29,26.915618199999997,75.8002647,432.71,24,34
2020-08-30 07:08:30,26.915621999999995,75.80023,432.71,28,34
2020-08-30 07:08:31,26.9156284,75.80019490000001,432.58,18,34
2020-08-30 07:08:32,26.915637699999998,75.800161,432.72,26,34
2020-08-30 07:08:34,26.915655100000002,75.8000957,432.92,20,34
2020-08-30 07:08:35,26.9156717,75.80005009999999,433.14,25,34
2020-08-30 07:08:36,26.915693100000006,75.7999991,433.57,17,34
2020-08-30 07:08:37,26.915715399999996,75.7999367,434.09,20,34
2020-08-30 07:08:39,26.915727899999997,75.79983670000001,434.17,16,34
2020-08-30 07:08:40,26.915730800000002,75.7997975,434.36,17,34
2020-08-30 07:08:41,26.915730199999995,75.7997734,434.51,14,34
2020-08-30 07:08:42,26.9157372,75.7996946,423.45,14,34
2020-08-30 07:08:43,26.915737800000002,75.79966999999999,423.59,19,34
2020-08-30 07:08:45,26.9157506,75.79954140000001,424.03,20,34
2020-08-30 07:08:46,26.915750199999998,75.7994905,424.29,16,34
2020-08-30 07:08:47,26.915747999999997,75.79943709999999,424.53,17,34
2020-08-30 07:08:48,26.9157438,75.79938709999999,424.69,33,34
2020-08-30 07:08:49,26.9157553,75.7993137,425.11,43,34
2020-08-30 07:08:51,26.9157752,75.7992102,424.97,29,34
2020-08-30 07:08:52,26.9157723,75.7991401,423.84,28,34
2020-08-30 07:08:53,26.915767600000002,75.799079,424.14,27,34
2020-08-30 07:08:54,26.9157685,75.79902109999999,424.49,32,34
2020-08-30 07:08:55,26.915775800000002,75.7989662,424.62,32,34
2020-08-30 07:08:57,26.915794199999997,75.7988608,424.61,26,34
2020-08-30 07:08:58,26.9158001,75.798795,425.32,31,34
2020-08-30 07:08:59,26.9158071,75.7987394,425.08,35,34
2020-08-30 07:09:00,26.9158147,75.79868420000001,425.02,33,34
2020-08-30 07:09:02,26.9158283,75.7985699,425.22,23,34
2020-08-30 07:09:03,26.915830699999997,75.798516,425.39,22,34
2020-08-30 07:09:04,26.91583,75.79846479999999,425.54,31,34
2020-08-30 07:09:05,26.9158316,75.7983996,425.91,23,34
2020-08-30 07:09:06,26.915829700000003,75.79836850000001,426.12,23,34
2020-08-30 07:09:08,26.915830699999997,75.79825840000001,426.28,23,34
2020-08-30 07:09:09,26.915834000000004,75.7982089,425.95,26,34
2020-08-30 07:09:10,26.9158339,75.79818859999999,425.89,26,34
2020-08-30 07:09:11,26.9158341,75.7981463,425.71,41,34
2020-08-30 07:09:12,26.9158462,75.7981115,425.33,30,34
2020-08-30 07:09:14,26.9158317,75.79799140000002,425.53,22,34
2020-08-30 07:09:15,26.915818199999997,75.7979564,425.16,32,34
2020-08-30 07:09:16,26.9157897,75.79787259999999,425.42,32,34
2020-08-30 07:09:17,26.9157532,75.7977911,425.51,23,34
2020-08-30 07:09:18,26.9157076,75.7976851,425.58,23,34
2020-08-30 07:09:20,26.915665999999998,75.7975203,425.95,25,34
2020-08-30 07:09:21,26.915613,75.7973857,426.31,21,34
2020-08-30 07:09:22,26.9155923,75.7973312,426.25,35,34
2020-08-30 07:09:23,26.915546799999998,75.79721490000001,426.13,26,34
2020-08-30 07:09:25,26.915473,75.7969632,426.39,18,34
2020-08-30 07:09:26,26.9154289,75.7968209,426.56,30,34
2020-08-30 07:09:27,26.9154077,75.7967503,426.63,27,34
2020-08-30 07:09:28,26.915357300000004,75.79657399999999,425.84,37,34
2020-08-30 07:09:29,26.9153185,75.79643399999999,425.9,23,34
2020-08-30 07:09:31,26.9152436,75.79616440000001,425.35,26,34
2020-08-30 07:09:32,26.915202500000003,75.7960319,425.51,18,34
2020-08-30 07:09:33,26.915179300000002,75.7959676,425.62,17,34
2020-08-30 07:09:34,26.9151326,75.7958062,425.45,69,33
2020-08-30 07:09:35,26.9150999,75.7957043,425.23,22,33
2020-08-30 07:09:37,26.9150321,75.7955397,424.7,26,33
2020-08-30 07:09:38,26.915021600000003,75.795505,424.48,37,33
2020-08-30 07:09:39,26.9150162,75.7954204,424.81,26,33
2020-08-30 07:09:40,26.915023600000005,75.79535859999999,424.68,24,33
2020-08-30 07:09:41,26.9150451,75.7953021,424.27,19,33
2020-08-30 07:09:43,26.9151268,75.79520579999999,424.13,25,33
2020-08-30 07:09:44,26.9151696,75.79517840000001,422.17,28,33
2020-08-30 07:09:45,26.915237199999996,75.7951471,422.39,18,33
2020-08-30 07:09:46,26.915326300000004,75.79512120000001,422.59,22,33
2020-08-30 07:09:47,26.9153696,75.7951088,422.78,15,33
2020-08-30 07:09:49,26.915540399999998,75.7950914,424.08,12,33
2020-08-30 07:09:50,26.9156602,75.7950923,425.14,13,33
2020-08-30 07:09:51,26.9157768,75.7950944,425.47,10,33
2020-08-30 07:09:52,26.915836699999996,75.7950941,425.68,8,33
2020-08-30 07:09:54,26.916068900000003,75.7950865,427.02,9,33
2020-08-30 07:09:55,26.916175300000003,75.7950846,428.91,13,33
2020-08-30 07:09:56,26.9163228,75.79507840000001,428.48,11,33
2020-08-30 07:09:57,26.916374800000003,75.795076,428.54,13,33
2020-08-30 07:09:58,26.9165158,75.7950725,429.29,17,33
2020-08-30 07:10:00,26.9167088,75.7950684,430.14,14,33
2020-08-30 07:10:01,26.9168175,75.7950622,431.42,10,33
2020-08-30 07:10:02,26.9169204,75.7950595,431.28,14,33
2020-08-30 07:10:03,26.9170532,75.79506690000001,431.35,7,33
2020-08-30 07:10:04,26.917147200000002,75.7950694,431.51,7,33
2020-08-30 07:10:06,26.917338800000003,75.7950702,431.29,8,33
2020-08-30 07:10:07,26.917429300000002,75.7950613,431.44,14,33
2020-08-30 07:10:08,26.917516,75.7950457,431.44,12,33
2020-08-30 07:10:09,26.917593100000005,75.795029,431.23,19,33
2020-08-30 07:10:10,26.917662,75.7950166,431.01,22,33
2020-08-30 07:10:12,26.917758199999998,75.7950065,431.06,24,33
2020-08-30 07:10:13,26.9178605,75.7950151,430.91,17,33
2020-08-30 07:10:14,26.9179336,75.7950359,430.87,11,33
2020-08-30 07:10:15,26.918018300000004,75.7950655,430.9,19,33
2020-08-30 07:10:17,26.918195,75.79512629999999,430.71,18,33
2020-08-30 07:10:18,26.918250399999994,75.7951434,427.61,12,33
2020-08-30 07:10:19,26.9183793,75.7951851,427.06,11,33
2020-08-30 07:10:20,26.918463199999998,75.7952223,426.68,10,33
2020-08-30 07:10:21,26.9185055,75.7952427,426.44,11,33
2020-08-30 07:10:23,26.9186787,75.79532890000002,425.11,7,33
2020-08-30 07:10:24,26.918744099999998,75.7953641,423.46,16,33
2020-08-30 07:10:25,26.918836100000004,75.79540440000001,423.67,15,33
2020-08-30 07:10:26,26.918937,75.7954421,423.51,11,33
2020-08-30 07:10:27,26.9190658,75.7954978,423.76,9,33
2020-08-30 07:10:29,26.919255699999997,75.7955796,423.7,16,33
2020-08-30 07:10:30,26.9193394,75.79561679999999,422.42,16,33
2020-08-30 07:10:31,26.919409299999998,75.7956412,421.93,20,33
2020-08-30 07:10:32,26.919461100000003,75.7956592,421.25,23,33
2020-08-30 07:10:33,26.9195267,75.7956626,420.29,30,33
2020-08-30 07:10:35,26.919623100000003,75.79563370000001,415.61,34,33
2020-08-30 07:10:36,26.9196619,75.7956224,415.42,27,33
2020-08-30 07:10:37,26.919698200000003,75.79561,415.64,29,33
2020-08-30 07:10:38,26.9197303,75.79558309999999,415.53,29,33
2020-08-30 07:10:40,26.919800800000004,75.7954755,415.5,20,33
2020-08-30 07:10:41,26.919834899999998,75.7954022,423.34,24,33
2020-08-30 07:10:42,26.919863399999997,75.79532950000001,423.31,13,33
2020-08-30 07:10:43,26.919878000000004,75.7952926,423.19,13,33
2020-08-30 07:10:44,26.9199261,75.7951763,423.04,13,33
2020-08-30 07:10:46,26.920003,75.79494890000001,423.27,14,33
2020-08-30 07:10:47,26.920034499999996,75.79483809999999,426.92,13,33
2020-08-30 07:10:48,26.920060600000003,75.7947405,426.76,14,33
2020-08-30 07:10:49,26.920095899999996,75.7946069,426.64,22,33
2020-08-30 07:10:50,26.9201216,75.7945098,426.5,18,33
2020-08-30 07:10:52,26.9201771,75.79433759999999,425.69,18,33
2020-08-30 07:10:53,26.920212899999996,75.7942728,425.52,16,33
2020-08-30 07:10:54,26.920279200000003,75.794201,424.97,20,33
2020-08-30 07:10:55,26.920352100000002,75.794158,424.28,26,33
2020-08-30 07:10:56,26.920434000000004,75.7941297,424.1,19,33
2020-08-30 07:10:58,26.9206206,75.7940936,423.39,20,33
2020-08-30 07:10:59,26.920715500000004,75.79407950000001,423.34,21,33
2020-08-30 07:11:00,26.920814500000002,75.79406750000001,423.65,37,33
2020-08-30 07:11:01,26.9208946,75.79405909999998,423.99,26,33
2020-08-30 07:11:03,26.9210708,75.7940292,424.49,29,33
2020-08-30 07:11:04,26.921186499999997,75.794002,432.21,34,33
2020-08-30 07:11:05,26.921280600000003,75.7939814,432.56,20,33
2020-08-30 07:11:06,26.921391600000003,75.7939482,432.71,15,33
2020-08-30 07:11:07,26.9215032,75.79391290000001,432.97,35,33
2020-08-30 07:11:09,26.921725399999996,75.79386099999999,433.44,35,33
2020-08-30 07:11:10,26.921876300000005,75.7938295,430.55,29,33
2020-08-30 07:11:11,26.9219886,75.793807,430.65,30,33
2020-08-30 07:11:12,26.9221419,75.79377629999999,430.65,36,33
2020-08-30 07:11:13,26.922264600000002,75.7937483,430.89,33,33
2020-08-30 07:11:15,26.922508500000003,75.7936933,428.71,60,33
2020-08-30 07:11:16,26.9226619,75.7936611,428.81,46,33
2020-08-30 07:11:17,26.9227913,75.7936348,428.76,45,33
2020-08-30 07:11:18,26.9229106,75.7936099,428.85,35,32
2020-08-30 07:11:19,26.9230761,75.7935768,429.05,40,32
2020-08-30 07:11:21,26.923308600000002,75.7935245,428.01,38,32
2020-08-30 07:11:22,26.9234434,75.7934911,428.04,41,32
2020-08-30 07:11:23,26.9235392,75.79346729999999,427.91,34,32
2020-08-30 07:11:24,26.9236579,75.7934421,427.9,38,32
2020-08-30 07:11:26,26.9238653,75.7934016,427.64,42,32
2020-08-30 07:11:27,26.923972600000003,75.793378,430.53,28,32
2020-08-30 07:11:28,26.924073200000002,75.793352,430.21,46,32
2020-08-30 07:11:29,26.924164899999997,75.79332740000001,429.8,48,32
2020-08-30 07:11:30,26.924241100000003,75.7933105,429.68,45,32
2020-08-30 07:11:32,26.9244255,75.79326429999999,429.88,62,32
2020-08-30 07:11:33,26.924516600000004,75.7932421,433.16,41,32
2020-08-30 07:11:34,26.924614799999997,75.7932213,433.0,43,32
2020-08-30 07:11:35,26.9247122,75.7931996,433.07,45,32
2020-08-30 07:11:36,26.924828499999997,75.7931739,433.23,40,32
2020-08-30 07:11:38,26.924971799999998,75.7931315,432.76,81,32
2020-08-30 07:11:39,26.925016999999997,75.7931163,435.29,80,32
2020-08-30 07:11:40,26.9250516,75.7931115,435.04,71,32
2020-08-30 07:11:41,26.9250966,75.79310859999998,434.83,72,32
2020-08-30 07:11:42,26.925137699999997,75.79310459999999,434.65,73,32
2020-08-30 07:11:44,26.9252495,75.7930829,434.87,91,32
2020-08-30 07:11:45,26.9253239,75.79305500000001,435.38,109,32
2020-08-30 07:11:46,26.9253789,75.79302690000002,435.19,102,32
2020-08-30 07:11:47,26.9254298,75.7929895,435.04,72,32
2020-08-30 07:11:48,26.9254706,75.79294250000001,434.92,117,32
2020-08-30 07:11:50,26.925542600000004,75.7927828,434.78,97,32
2020-08-30 07:11:51,26.925579700000004,75.7926938,441.16,45,32
2020-08-30 07:11:52,26.9256149,75.7926025,440.94,30,32
2020-08-30 07:11:53,26.925633299999998,75.79253100000001,440.85,37,32
2020-08-30 07:11:55,26.925682399999996,75.79236709999999,440.31,95,32
2020-08-30 07:11:56,26.925720600000002,75.79231,440.06,97,32
2020-08-30 07:11:57,26.9257794,75.7922568,433.26,94,32
2020-08-30 07:11:59,26.925823699999995,75.7922397,433.23,144,32
2020-08-30 07:12:01,26.925931800000004,75.7922893,432.96,148,32
2020-08-30 07:12:02,26.926041100000003,75.792331,433.03,157,32
2020-08-30 07:12:03,26.9261352,75.7923595,433.4,165,32
2020-08-30 07:12:04,26.926250899999996,75.79238409999999,429.91,29,32
2020-08-30 07:12:05,26.926343,75.7924015,429.77,30,32
2020-08-30 07:12:07,26.9265007,75.7924235,429.62,47,32
2020-08-30 07:12:08,26.9265481,75.7924056,429.49,21,32
2020-08-30 07:12:09,26.9265963,75.7923718,429.14,19,32
2020-08-30 07:12:10,26.926619800000005,75.79235890000001,428.78,16,32
2020-08-30 07:12:11,26.926643,75.7923838,428.77,60,32
2020-08-30 07:12:13,26.926691899999998,75.7925171,428.97,119,32
2020-08-30 07:12:14,26.9267148,75.79258420000001,429.15,78,32
2020-08-30 07:12:15,26.926749400000002,75.7926573,429.96,40,32
2020-08-30 07:12:16,26.9267783,75.7927469,429.73,26,32
2020-08-30 07:12:18,26.9268256,75.7928684,428.72,24,32
2020-08-30 07:12:19,26.9268415,75.79290209999999,428.37,23,32
2020-08-30 07:12:20,26.926872399999997,75.79293050000001,428.33,19,32
2020-08-30 07:12:21,26.926905600000005,75.7929501,428.26,12,32
2020-08-30 07:12:22,26.926958600000003,75.792964,427.9,13,32
2020-08-30 07:12:24,26.927105600000004,75.79298829999999,427.79,9,32
2020-08-30 07:12:25,26.927174199999996,75.79301290000001,428.09,10,32
2020-08-30 07:12:26,26.927254600000005,75.79303709999999,428.45,6,32
2020-08-30 07:12:27,26.927320899999998,75.79305190000001,428.61,8,32
2020-08-30 07:12:28,26.927416700000002,75.7930686,428.54,11,32
2020-08-30 07:12:30,26.9276212,75.7931033,429.1,8,32
2020-08-30 07:12:31,26.9277184,75.79311949999999,429.35,6,32
2020-08-30 07:12:32,26.9278332,75.7931442,429.53,10,32
2020-08-30 07:12:33,26.9279261,75.79316700000001,429.7,11,32
2020-08-30 07:12:34,26.928030199999995,75.7931882,429.74,8,32
2020-08-30 07:12:36,26.928243199999997,75.7932349,429.35,16,32
2020-08-30 07:12:37,26.928355,75.7932617,429.18,11,32
2020-08-30 07:12:38,26.928467600000005,75.7932907,433.07,11,32
2020-08-30 07:12:39,26.928584700000002,75.7933052,432.9,6,32
2020-08-30 07:12:41,26.928828000000003,75.7933053,432.41,10,32
2020-08-30 07:12:42,26.928960999999997,75.7933014,432.29,11,32
2020-08-30 07:12:43,26.929067200000002,75.79331040000001,432.46,6,32
2020-08-30 07:12:44,26.929167200000002,75.79333270000001,429.37,9,32
2020-08-30 07:12:45,26.929294199999998,75.7933594,429.49,8,32
2020-08-30 07:12:47,26.929526300000003,75.7933943,429.81,8,32
2020-08-30 07:12:48,26.9296577,75.79340440000001,429.89,12,32
2020-08-30 07:12:49,26.9297401,75.7934105,429.79,12,32
2020-08-30 07:12:50,26.929835200000003,75.79342740000001,430.91,11,32
2020-08-30 07:12:51,26.9299441,75.7934489,430.94,13,32
2020-08-30 07:12:53,26.9301136,75.7934737,430.29,14,32
2020-08-30 07:12:54,26.930166399999997,75.793482,429.81,15,32
2020-08-30 07:12:55,26.9302104,75.793488,430.85,14,32
2020-08-30 07:12:56,26.930250800000003,75.7934871,430.88,15,32
2020-08-30 07:12:57,26.930291600000004,75.7934755,430.92,14,32
2020-08-30 07:12:59,26.9303761,75.7934139,430.97,14,32
2020-08-30 07:13:00,26.930426500000003,75.7933668,430.89,11,32
2020-08-30 07:13:01,26.9304675,75.79332840000001,428.54,12,32
2020-08-30 07:13:02,26.930526899999997,75.7932892,428.21,15,32
2020-08-30 07:13:04,26.9306685,75.7932629,428.29,10,32
2020-08-30 07:13:05,26.9307338,75.79328249999999,428.55,14,32
2020-08-30 07:13:06,26.930794800000005,75.7933319,428.89,16,32
2020-08-30 07:13:07,26.930844899999997,75.7933801,431.25,14,32
2020-08-30 07:13:08,26.930882899999997,75.79342890000001,431.14,17,32
2020-08-30 07:13:10,26.930962100000006,75.7935494,430.74,14,32
2020-08-30 07:13:11,26.931003000000004,75.79360340000001,430.59,14,32
2020-08-30 07:13:12,26.93105,75.7936432,430.54,14,32
2020-08-30 07:13:13,26.931116600000003,75.79367490000001,429.4,13,32
2020-08-30 07:13:14,26.9311811,75.793687,429.31,13,32
2020-08-30 07:13:16,26.931346899999998,75.7937161,429.55,9,32
2020-08-30 07:13:17,26.931465799999998,75.79373659999999,429.83,13,32
2020-08-30 07:13:18,26.931524300000003,75.793746,430.05,10,32
2020-08-30 07:13:19,26.931649699999998,75.79376450000001,433.83,13,32
2020-08-30 07:13:20,26.9317088,75.7937744,433.65,7,32
2020-08-30 07:13:22,26.9318784,75.7938023,433.31,13,32
2020-08-30 07:13:23,26.931993100000003,75.7938272,433.25,12,32
2020-08-30 07:13:24,26.9320726,75.7938422,433.3,11,32
2020-08-30 07:13:25,26.932167100000004,75.79386109999999,436.82,16,32
2020-08-30 07:13:27,26.932350500000002,75.79389259999999,436.63,14,32
2020-08-30 07:13:28,26.932481699999997,75.793912,436.73,11,32
2020-08-30 07:13:29,26.9325918,75.7939316,436.92,10,32
2020-08-30 07:13:30,26.932663,75.79394350000001,437.05,11,32
2020-08-30 07:13:31,26.932796000000003,75.793971,438.11,12,32
2020-08-30 07:13:33,26.9329729,75.79400759999999,438.6,11,32
2020-08-30 07:13:34,26.933056899999997,75.7940248,438.65,8,32
2020-08-30 07:13:35,26.9331653,75.79404029999999,438.43,15,32
2020-08-30 07:13:36,26.933257,75.7940562,439.78,9,32
2020-08-30 07:13:37,26.9333868,75.7940871,439.82,10,32
2020-08-30 07:13:39,26.9335927,75.7941298,439.8,16,32
2020-08-30 07:13:40,26.933667699999997,75.7941463,439.84,19,32
2020-08-30 07:13:41,26.9337673,75.7941632,439.88,15,32
2020-08-30 07:13:42,26.933861100000005,75.7941772,440.21,26,32
2020-08-30 07:13:43,26.9339728,75.79419140000002,439.97,38,32
2020-08-30 07:13:45,26.9341636,75.7942111,439.56,23,32
2020-08-30 07:13:46,26.9342596,75.79422650000001,439.36,30,32
2020-08-30 07:13:47,26.9342998,75.7942312,439.1,24,32
2020-08-30 07:13:48,26.9343544,75.7942359,440.57,19,32
2020-08-30 07:13:50,26.9344028,75.7942409,440.51,17,32
2020-08-30 07:13:51,26.9344289,75.7942409,440.47,26,32
2020-08-30 07:13:52,26.934455600000003,75.7942345,440.42,34,32
2020-08-30 07:13:53,26.9344887,75.7942236,440.43,28,32
2020-08-30 07:13:54,26.9345158,75.7942065,443.3,31,32
2020-08-30 07:13:56,26.934586100000004,75.7941244,443.21,27,32
2020-08-30 07:13:57,26.934631300000003,75.7940464,443.14,23,32
2020-08-30 07:13:58,26.9346566,75.7939995,443.21,35,32
2020-08-30 07:13:59,26.9346901,75.7939392,443.22,25,32
2020-08-30 07:14:00,26.934732500000003,75.7938613,440.51,29,32
2020-08-30 07:14:02,26.934813800000004,75.7937179,439.95,28,32
2020-08-30 07:14:03,26.934863399999998,75.7936407,439.66,24,32
2020-08-30 07:14:04,26.9349252,75.7935384,439.5,44,32
2020-08-30 07:14:05,26.934953000000004,75.7934923,439.36,21,32
2020-08-30 07:14:06,26.935007399999996,75.7934061,436.64,25,32
2020-08-30 07:14:08,26.9351196,75.79323459999999,435.9,29,32
2020-08-30 07:14:09,26.9351779,75.7931443,435.96,18,32
2020-08-30 07:14:10,26.9352472,75.7930369,436.04,25,32
2020-08-30 07:14:11,26.935282399999995,75.79298440000001,435.99,24,32
2020-08-30 07:23:02,26.942192,75.7978095,456.53,26,31
2020-08-30 07:23:03,26.942132399999995,75.79784120000001,456.64,26,31
2020-08-30 07:23:04,26.9420723,75.7978691,456.79,24,31
2020-08-30 07:23:05,26.9420058,75.7978991,455.9,19,31
2020-08-30 07:23:06,26.941934600000003,75.79793070000001,455.63,26,31
2020-08-30 07:23:08,26.941808399999996,75.79798890000001,455.62,25,31
2020-08-30 07:23:09,26.9417485,75.7980179,455.54,17,31
2020-08-30 07:23:10,26.9417206,75.7980319,455.47,34,31
2020-08-30 07:23:11,26.9416543,75.79806690000001,454.63,23,31
2020-08-30 07:23:13,26.9415475,75.79812159999999,454.69,25,31
2020-08-30 07:23:14,26.9415,75.7981474,454.57,21,32
2020-08-30 07:23:15,26.9414397,75.7981785,454.44,19,32
2020-08-30 07:23:16,26.9413875,75.7982035,454.92,22,32
2020-08-30 07:23:17,26.9413231,75.7982343,455.09,22,32
2020-08-30 07:23:19,26.9412235,75.798287,455.0,18,32
2020-08-30 07:23:20,26.9411436,75.7983297,454.51,19,32
2020-08-30 07:23:21,26.941082399999996,75.79836209999999,454.38,16,32
2020-08-30 07:23:22,26.9410197,75.7983886,451.07,21,32
2020-08-30 07:23:23,26.9409599,75.7984118,450.9,20,32
2020-08-30 07:23:25,26.940857300000005,75.7984552,449.42,22,32
2020-08-30 07:23:26,26.940799300000002,75.7984824,448.63,24,32
2020-08-30 07:23:27,26.9407478,75.7985071,447.98,16,32
2020-08-30 07:23:28,26.9406907,75.7985297,443.31,24,32
2020-08-30 07:23:29,26.9406298,75.798546,444.86,21,32
2020-08-30 07:23:31,26.940494899999997,75.7986207,444.87,23,32
2020-08-30 07:23:32,26.940435600000004,75.7986598,444.24,25,32
2020-08-30 07:23:33,26.940389899999996,75.7986875,443.96,22,32
2020-08-30 07:23:34,26.940307899999997,75.798733,446.07,28,32
2020-08-30 07:23:36,26.940178600000003,75.7988088,445.47,31,32
2020-08-30 07:23:37,26.940115999999996,75.7988508,445.0,21,32
2020-08-30 07:23:38,26.9400565,75.79889279999999,445.14,19,32
2020-08-30 07:23:39,26.939988899999996,75.79893179999999,443.94,17,32
2020-08-30 07:23:40,26.939921899999998,75.7989639,444.12,23,32
2020-08-30 07:23:42,26.9397869,75.79904090000001,443.17,19,32
2020-08-30 07:23:43,26.9397235,75.7990713,443.12,16,32
2020-08-30 07:23:44,26.9396603,75.7991027,443.08,16,32
2020-08-30 07:23:45,26.9396022,75.7991307,442.1,17,32
2020-08-30 07:23:46,26.939523699999995,75.79916829999999,443.36,12,32
2020-08-30 07:23:48,26.939409499999996,75.79922370000001,442.9,16,32
2020-08-30 07:23:49,26.939354499999997,75.79925250000001,442.77,17,32
2020-08-30 07:23:50,26.9392951,75.7992841,442.37,18,32
2020-08-30 07:23:51,26.93924,75.7993174,442.65,15,32
2020-08-30 07:23:52,26.9391803,75.7993583,442.28,12,32
2020-08-30 07:23:54,26.939047499999997,75.79943990000001,441.6,13,32
2020-08-30 07:23:55,26.9390187,75.7994587,441.58,14,32
2020-08-30 07:23:56,26.938928499999996,75.79951729999999,447.39,9,32
2020-08-30 07:23:57,26.9388725,75.7995542,447.73,14,32
2020-08-30 07:23:59,26.9387711,75.7996287,447.29,17,32
2020-08-30 07:24:00,26.9387045,75.7996745,446.99,15,32
2020-08-30 07:24:01,26.9386499,75.7997217,446.73,18,32
2020-08-30 07:24:02,26.9386243,75.79974890000001,446.7,13,32
2020-08-30 07:24:03,26.9385498,75.79982009999999,445.51,17,32
2020-08-30 07:24:05,26.938461600000004,75.7998848,443.21,11,32
2020-08-30 07:24:06,26.9384165,75.7999259,443.07,11,32
2020-08-30 07:24:07,26.938374300000003,75.7999697,443.17,18,32
2020-08-30 07:24:08,26.938319,75.8000314,443.46,13,32
2020-08-30 07:24:09,26.9382788,75.8000819,444.3,17,32
2020-08-30 07:24:11,26.9382124,75.8001851,444.03,19,32
2020-08-30 07:24:12,26.938189,75.80022729999999,444.05,22,32
2020-08-30 07:24:13,26.9381717,75.80025859999999,448.63,20,33
2020-08-30 07:24:14,26.9381539,75.8002973,449.3,22,32
2020-08-30 07:24:15,26.938146500000002,75.8003335,449.35,20,33
2020-08-30 07:24:17,26.9381455,75.8004104,449.39,19,33
2020-08-30 07:24:18,26.9381538,75.8004507,449.28,13,33
2020-08-30 07:24:20,26.938176300000002,75.80049050000001,443.93,13,33
2020-08-30 07:24:21,26.938206400000002,75.8005334,443.43,11,33
2020-08-30 07:24:23,26.9382675,75.8006397,443.13,16,33
2020-08-30 07:24:24,26.9382946,75.8006861,443.18,22,33
2020-08-30 07:24:25,26.938318,75.8007255,443.22,21,33
2020-08-30 07:24:26,26.9383419,75.8007636,444.07,23,33
2020-08-30 07:24:28,26.9384049,75.800832,444.06,17,33
2020-08-30 07:24:29,26.938436,75.80085090000001,443.61,24,33
2020-08-30 07:24:30,26.938482,75.800883,443.91,32,33
2020-08-30 07:24:31,26.938524100000002,75.8009065,441.71,37,33
2020-08-30 07:24:32,26.9385666,75.80092109999998,441.82,19,33
2020-08-30 07:24:34,26.9386768,75.80094390000001,441.56,34,33
2020-08-30 07:24:35,26.9387125,75.8009449,441.16,21,33
2020-08-30 07:24:36,26.9387702,75.8009517,440.87,30,33
2020-08-30 07:24:37,26.938837899999996,75.80098149999999,450.3,24,33
2020-08-30 07:24:38,26.9388744,75.80100379999999,450.39,31,33
2020-08-30 07:24:40,26.9389735,75.80107509999999,450.35,23,33
2020-08-30 07:24:41,26.939027600000003,75.8011244,450.44,29,33
2020-08-30 07:24:42,26.9390653,75.8011621,450.33,33,33
2020-08-30 07:24:43,26.939111600000004,75.8012148,454.44,36,33
2020-08-30 07:24:44,26.939142200000003,75.8012522,454.43,20,33
2020-08-30 07:24:46,26.9392027,75.8013221,454.26,22,33
2020-08-30 07:24:47,26.9392348,75.8013542,453.97,17,33
2020-08-30 07:24:48,26.939263800000003,75.8013774,453.73,14,33
2020-08-30 07:24:49,26.939304600000003,75.8013988,453.7,19,33
2020-08-30 07:24:51,26.939380199999995,75.8014085,453.8,18,33
2020-08-30 07:24:52,26.9394279,75.8013943,453.87,21,33
2020-08-30 07:24:53,26.9394783,75.8013715,453.93,13,33
2020-08-30 07:24:54,26.9395229,75.8013485,454.33,11,33
2020-08-30 07:24:55,26.939584000000004,75.8013189,454.29,14,33
2020-08-30 07:24:57,26.939698800000002,75.8012618,454.65,16,33
2020-08-30 07:24:58,26.9397256,75.8012494,454.8,21,33
2020-08-30 07:24:59,26.939797600000002,75.8012068,455.08,17,33
2020-08-30 07:25:00,26.9398521,75.8011715,455.3,14,33
2020-08-30 07:25:01,26.939887199999998,75.8011525,455.41,16,33
2020-08-30 07:25:03,26.940022999999997,75.8010843,455.4,17,33
2020-08-30 07:25:04,26.9400594,75.8010665,455.29,18,33
2020-08-30 07:25:05,26.9401223,75.80103509999999,455.31,21,33
2020-08-30 07:25:06,26.9402015,75.8009951,456.75,17,33
2020-08-30 07:25:07,26.940245,75.8009728,456.54,12,33
2020-08-30 07:25:09,26.940362899999997,75.8009102,455.88,15,33
2020-08-30 07:25:10,26.940446,75.8008682,455.78,22,33
2020-08-30 07:25:11,26.9404932,75.8008426,455.82,15,33
2020-08-30 07:25:12,26.940563800000003,75.80080699999999,456.02,25,33
2020-08-30 07:25:14,26.9406995,75.80073709999999,455.94,16,33
2020-08-30 07:25:15,26.9407566,75.80070649999999,455.9,16,33
2020-08-30 07:25:16,26.940822100000002,75.8006694,455.71,13,33
2020-08-30 07:25:17,26.940900699999997,75.80062530000001,456.93,15,33
2020-08-30 07:25:18,26.940939299999997,75.8006053,456.8,16,33
2020-08-30 07:25:20,26.941052399999997,75.8005404,456.39,17,33
2020-08-30 07:25:21,26.9410852,75.80052490000001,456.18,15,33
2020-08-30 07:25:22,26.941152399999996,75.80049340000001,456.07,16,33
2020-08-30 07:25:23,26.9411855,75.80047979999999,457.48,20,33
2020-08-30 07:25:24,26.9412316,75.8004604,457.82,21,33
2020-08-30 07:25:26,26.9412865,75.8004155,457.56,18,33
2020-08-30 07:25:27,26.9413026,75.8003879,457.21,17,33
2020-08-30 07:25:28,26.9413172,75.80036329999999,456.65,21,33
2020-08-30 07:25:29,26.941343100000005,75.80033829999999,454.01,19,33
2020-08-30 07:25:30,26.9413553,75.80032220000001,453.71,24,33
2020-08-30 07:25:32,26.9413756,75.8002634,453.09,15,33
2020-08-30 07:25:33,26.9413705,75.8002247,452.88,22,33
2020-08-30 07:25:34,26.9413641,75.8001881,446.89,23,33
2020-08-30 07:25:35,26.941359000000002,75.80014109999999,447.64,19,33
2020-08-30 07:25:37,26.9413332,75.8000268,447.69,18,33
2020-08-30 07:25:38,26.9413217,75.79999090000001,447.96,21,33
2020-08-30 07:25:39,26.9413,75.79992370000001,448.27,23,33
2020-08-30 07:25:40,26.941287300000003,75.7998937,453.02,23,33
2020-08-30 07:25:41,26.941263199999998,75.79983940000001,452.56,32,33
2020-08-30 07:25:43,26.9412316,75.79975959999999,452.24,25,33
2020-08-30 07:25:44,26.941206800000003,75.7996957,452.42,19,33
2020-08-30 07:25:45,26.941193300000002,75.79966259999999,452.31,24,33
2020-08-30 07:25:46,26.9411707,75.79959579999999,452.59,15,33
2020-08-30 07:25:47,26.941159600000002,75.7995541,452.41,15,33
2020-08-30 07:25:49,26.9411137,75.7994316,452.26,14,33
2020-08-30 07:25:50,26.941082300000005,75.7993459,452.05,16,33
2020-08-30 07:25:51,26.9410671,75.7993005,445.69,18,33
2020-08-30 07:25:52,26.941027899999998,75.799214,445.12,20,33
2020-08-30 07:25:53,26.940999100000003,75.7991711,444.42,19,33
2020-08-30 07:25:55,26.940935200000002,75.7990584,443.95,31,33
2020-08-30 07:25:56,26.9409075,75.798978,443.94,25,33
2020-08-30 07:25:57,26.9408817,75.7989182,448.34,25,33
2020-08-30 07:37:56,26.939855800000004,75.7767449,431.85,38,31
2020-08-30 07:37:57,26.939862199999997,75.7766738,431.99,33,31
2020-08-30 07:37:59,26.9398751,75.7765007,432.65,33,31
2020-08-30 07:38:00,26.9398848,75.7764027,432.15,24,31
2020-08-30 07:38:01,26.9398957,75.77630040000001,431.84,23,31
2020-08-30 07:38:02,26.939901199999998,75.77621059999998,432.23,27,31
2020-08-30 07:38:04,26.9399081,75.7760275,432.92,32,31
2020-08-30 07:38:05,26.939912699999997,75.77593990000001,432.88,26,31
2020-08-30 07:38:06,26.9399155,75.77587659999999,431.29,26,31
2020-08-30 07:38:07,26.9399228,75.7758094,430.67,28,32
2020-08-30 07:38:08,26.939928600000002,75.7757563,430.71,31,32
2020-08-30 07:38:10,26.9399374,75.7756309,430.77,44,32
2020-08-30 07:38:11,26.939939199999998,75.775554,430.45,33,32
2020-08-30 07:38:12,26.9399399,75.775486,430.51,29,32
2020-08-30 07:38:13,26.939941700000002,75.7753922,430.74,36,32
2020-08-30 07:38:14,26.939946600000003,75.77530440000001,430.78,26,32
2020-08-30 07:38:16,26.9399584,75.7750913,430.72,24,32
2020-08-30 07:38:17,26.9399642,75.77498829999999,431.17,21,32
2020-08-30 07:38:18,26.9399717,75.77485159999999,430.65,21,32
2020-08-30 07:38:19,26.939973699999996,75.7747168,430.49,32,32
2020-08-30 07:38:20,26.939974300000003,75.7746093,430.34,25,32
2020-08-30 07:38:22,26.9399837,75.7743776,429.96,29,32
2020-08-30 07:38:23,26.9399924,75.7742719,432.91,33,32
2020-08-30 07:38:24,26.9400021,75.77415500000001,433.34,33,32
2020-08-30 07:38:25,26.9400087,75.774073,433.25,34,32
2020-08-30 07:38:26,26.940018199999997,75.77399720000001,433.01,30,32
2020-08-30 07:38:28,26.9400382,75.7738429,432.63,36,32
2020-08-30 07:38:29,26.9400498,75.77376509999999,431.59,26,32
2020-08-30 07:38:30,26.940058899999997,75.7736802,432.04,17,32
2020-08-30 07:38:31,26.940066700000003,75.77361280000001,432.07,25,32
2020-08-30 07:38:33,26.9400777,75.7734821,432.48,27,32
2020-08-30 07:38:34,26.9400841,75.7734154,432.63,30,32
2020-08-30 07:38:35,26.940092100000005,75.7733614,432.64,28,32
2020-08-30 07:38:36,26.9401064,75.7732892,432.69,24,32
2020-08-30 07:38:37,26.940120299999997,75.77322480000001,432.8,23,32
2020-08-30 07:38:39,26.940146000000002,75.7730635,432.9,18,32
2020-08-30 07:38:40,26.940150899999995,75.7729627,436.27,18,32
2020-08-30 07:38:41,26.9401594,75.7728797,436.17,15,32
2020-08-30 07:38:42,26.940181,75.7727717,436.24,18,32
2020-08-30 07:38:43,26.9402033,75.7726724,436.11,18,32
2020-08-30 07:38:45,26.9402457,75.7724618,435.8,20,32
2020-08-30 07:38:46,26.940270899999998,75.77233609999999,433.6,18,32
2020-08-30 07:38:47,26.9402968,75.7722345,433.65,14,32
2020-08-30 07:38:48,26.940327500000002,75.7721315,433.77,14,32
2020-08-30 07:38:49,26.9403734,75.77197779999999,433.98,23,32
2020-08-30 07:38:51,26.9404464,75.7717287,434.41,24,32
2020-08-30 07:38:52,26.9404788,75.7716236,434.25,19,32
2020-08-30 07:38:53,26.9405308,75.7715005,433.88,21,32
2020-08-30 07:38:54,26.9405712,75.771408,433.39,13,32
2020-08-30 07:38:56,26.940645899999996,75.77118399999999,432.69,19,32
2020-08-30 07:38:57,26.9406704,75.77109140000002,432.83,27,32
2020-08-30 07:38:58,26.9407178,75.7709584,434.36,14,32
2020-08-30 07:38:59,26.9407505,75.7708433,434.08,19,32
2020-08-30 07:39:00,26.940787300000004,75.77071120000001,433.74,21,32
2020-08-30 07:39:02,26.9408776,75.7704645,432.9,25,32
2020-08-30 07:39:03,26.9409136,75.7703479,428.53,20,32
2020-08-30 07:39:04,26.9409502,75.7702266,429.04,23,32
2020-08-30 07:39:05,26.9409813,75.77013120000001,428.87,21,32
2020-08-30 07:39:06,26.9410268,75.7699879,428.64,26,32
2020-08-30 07:39:08,26.941104499999998,75.7697063,428.87,42,32
2020-08-30 07:39:09,26.941137599999998,75.7695778,431.03,35,32
2020-08-30 07:39:10,26.941181800000003,75.7694126,431.99,24,32
2020-08-30 07:39:11,26.941228999999996,75.76925,432.48,29,32
2020-08-30 07:39:12,26.9412706,75.7691206,432.81,38,32
2020-08-30 07:39:14,26.941373,75.768801,435.25,20,32
2020-08-30 07:39:15,26.9414124,75.76867359999999,434.51,30,32
2020-08-30 07:39:16,26.941464399999997,75.7685078,434.85,23,32
2020-08-30 07:39:17,26.941506699999998,75.76836490000001,435.33,30,32
2020-08-30 07:39:19,26.941599,75.7680584,436.8,24,32
2020-08-30 07:39:20,26.941645899999997,75.76789559999999,440.49,22,32
2020-08-30 07:39:21,26.941686199999996,75.7677608,439.53,27,32
2020-08-30 07:39:22,26.941721299999998,75.7676412,439.89,18,32
2020-08-30 07:39:23,26.941758399999998,75.76750340000001,440.59,30,32
2020-08-30 07:39:25,26.9418239,75.7672874,440.36,27,32
2020-08-30 07:39:26,26.941862,75.7671619,444.35,25,32
2020-08-30 07:39:27,26.941894199999997,75.7670553,443.64,29,32
2020-08-30 07:39:28,26.941930699999997,75.7669286,443.47,21,32
2020-08-30 07:39:29,26.941955600000004,75.7668311,443.27,17,32
2020-08-30 07:39:31,26.9420174,75.7666443,443.37,23,32
2020-08-30 07:39:32,26.942046,75.766554,443.82,38,32
2020-08-30 07:39:33,26.942080600000004,75.7664334,443.47,44,32
2020-08-30 07:39:34,26.9421098,75.7663335,443.01,34,32
2020-08-30 07:39:35,26.942145299999996,75.766203,442.58,47,32
2020-08-30 07:39:37,26.9422038,75.76595400000001,439.7,40,32
2020-08-30 07:39:38,26.942222700000002,75.76585279999999,440.12,43,32
2020-08-30 07:39:39,26.942241999999997,75.76576690000002,439.74,55,32
2020-08-30 07:39:40,26.9422614,75.7656877,439.51,49,32
2020-08-30 07:39:42,26.9423044,75.76550959999999,439.2,34,32
2020-08-30 07:39:43,26.942322100000002,75.76542859999999,439.77,36,32
2020-08-30 07:39:44,26.9423419,75.76533640000001,440.43,32,32
2020-08-30 07:39:45,26.942355900000003,75.7652689,440.18,32,32
2020-08-30 07:39:46,26.9423727,75.765186,439.74,41,32
2020-08-30 07:39:48,26.9424076,75.76504140000002,438.76,41,32
2020-08-30 07:39:49,26.942422600000004,75.7649694,437.42,28,32
2020-08-30 07:39:50,26.94244,75.7648934,437.88,33,32
2020-08-30 07:39:51,26.9424546,75.7648047,437.5,35,32
2020-08-30 07:39:52,26.9424663,75.7647241,437.2,225,32
2020-08-30 07:39:54,26.9424859,75.7645589,436.43,98,32
2020-08-30 07:39:55,26.942501899999996,75.76446949999999,437.04,165,32
2020-08-30 07:39:56,26.9425136,75.7643954,436.59,112,32
2020-08-30 07:39:57,26.9425288,75.7643019,436.35,132,32
2020-08-30 07:39:58,26.942543100000005,75.764212,436.13,90,32
2020-08-30 07:40:00,26.9425663,75.7639954,433.79,83,32
2020-08-30 07:40:01,26.942578700000002,75.76387270000001,434.81,42,32
2020-08-30 07:40:02,26.9425896,75.76377480000001,434.47,46,32
2020-08-30 07:40:03,26.942605100000005,75.7636876,433.89,63,32
2020-08-30 07:40:05,26.9426466,75.763423,433.13,47,32
2020-08-30 07:40:06,26.9426652,75.7633007,433.55,39,32
2020-08-30 07:40:07,26.942682399999995,75.7631845,433.83,41,32
2020-08-30 07:40:08,26.9426989,75.7630755,433.08,27,32
2020-08-30 07:40:09,26.9427173,75.76293879999999,432.47,32,32
2020-08-30 07:40:11,26.9427352,75.7627559,431.53,30,32
2020-08-30 07:40:12,26.942738800000004,75.7625979,431.99,21,32
2020-08-30 07:40:13,26.942734899999998,75.7625084,431.39,25,32
2020-08-30 07:40:14,26.942731899999995,75.7624431,430.75,41,32
2020-08-30 07:40:15,26.942726300000004,75.76237909999999,430.06,49,33
2020-08-30 07:40:17,26.9427188,75.76232159999999,429.48,53,33
2020-08-30 07:40:18,26.942716100000002,75.7622597,429.2,44,33
2020-08-30 07:40:19,26.9427162,75.7621908,428.94,32,33
2020-08-30 07:40:20,26.9427157,75.7621538,428.9,42,33
2020-08-30 07:40:21,26.942712800000002,75.7621036,428.83,51,33
2020-08-30 07:40:23,26.942703499999997,75.762008,428.58,84,33
2020-08-30 07:40:24,26.9426833,75.7618999,430.38,46,33
2020-08-30 07:40:25,26.942662100000003,75.7618305,430.39,39,33
2020-08-30 07:40:26,26.9426309,75.76175009999999,430.41,39,33
2020-08-30 07:40:28,26.942547700000002,75.7615978,430.51,36,33
2020-08-30 07:40:29,26.942528399999997,75.7615572,430.59,39,33
2020-08-30 07:40:30,26.942476899999996,75.76142420000001,432.15,26,33
2020-08-30 07:40:31,26.942453600000004,75.7613302,431.84,29,33
2020-08-30 07:40:32,26.942441600000002,75.7612307,431.35,30,33
2020-08-30 07:40:34,26.9424061,75.76105770000001,433.1,35,33
2020-08-30 07:40:35,26.9423929,75.76097740000002,433.44,48,33
2020-08-30 07:40:36,26.942384499999996,75.76090040000001,433.28,46,33
2020-08-30 07:40:37,26.9423831,75.760806,433.28,39,33
2020-08-30 07:40:40,26.9424026,75.7606613,433.24,38,33
2020-08-30 07:40:41,26.9424229,75.76058259999999,433.63,47,33
2020-08-30 07:40:42,26.942437899999994,75.7605152,433.75,37,33
2020-08-30 07:40:43,26.942456699999997,75.76045409999999,433.59,32,33
2020-08-30 07:40:44,26.94248,75.7603869,433.38,35,33
2020-08-30 07:40:46,26.942515999999998,75.7602745,432.96,50,33
2020-08-30 07:40:47,26.942541499999997,75.7602088,434.57,50,33
2020-08-30 07:40:48,26.942567200000003,75.7601526,434.95,49,33
2020-08-30 07:40:49,26.9425971,75.7600818,434.8,36,33
2020-08-30 07:40:51,26.94267,75.7598802,435.5,35,33
2020-08-30 07:40:52,26.9426964,75.7598093,437.64,36,33
2020-08-30 07:40:53,26.942712899999997,75.7597625,437.52,32,33
2020-08-30 07:40:54,26.942755,75.75964920000001,437.29,22,33
2020-08-30 07:40:55,26.9427927,75.75954250000001,437.16,21,33
2020-08-30 07:40:57,26.942874300000003,75.7593213,437.22,13,33
2020-08-30 07:40:58,26.942915600000003,75.7592085,438.29,34,33
2020-08-30 07:40:59,26.9429619,75.7590855,438.07,36,33
2020-08-30 07:41:00,26.9430019,75.758973,438.1,32,33
2020-08-30 07:41:01,26.943040999999997,75.7588473,438.25,29,33
2020-08-30 07:41:03,26.94309,75.7586084,438.68,45,33
2020-08-30 07:41:04,26.9431071,75.7584553,438.16,56,33
2020-08-30 07:41:05,26.9431141,75.7583361,438.1,51,33
2020-08-30 07:41:06,26.9431173,75.7582522,438.16,56,33
2020-08-30 07:41:07,26.943120899999997,75.7581632,438.1,61,33
2020-08-30 07:41:09,26.9431358,75.7580136,436.83,46,33

